name,airport_code
7 Novembre International Airport,TBJ
Aalborg Airport,AAL
Aarhus Airport,AAR
Aba Tenna Dejazmach Yilma International Airport,DIR
Abakan International Airport,ABA
Abdullahi Yusuf International Airport,GBY
Abeid Amani Karume International Airport,ZNZ
Abel Santa Maria Airport,SNU
Aberdeen Airport,ABZ
Abruzzo Airport,PSR
Abu Dhabi International Airport,AUH
Achmad Yani International Airport,SRG
Addis Ababa Bole International Airport,ADD
Adelaide Airport,ADL
Aden Adde International Airport,MGQ
Aden International Airport,ADE
Adisucipto International Airport,JOG
Adisumarmo International Airport,SOC
Adnan Menderes Airport,ADB
Aeroparque Jorge Newbery,AEP
Afonso Pena International Airport,CWB
Agatti Airport,AGX
Ain Arnat Airport,QSF
Akanu Ibiam International Airport,ENU
Akita Airport,AXT
Akron Fulton International Airport,AKC
Akron-Canton Airport,CAK
Aktau Airport,SCO
Aktion National Airport,PVK
Akureyri Airport,AEY
Al Ain International Airport,AAN
Al Alamain International Airport,DBB
Al Massira Airport,AGA
Al Najaf International Airport,NJF
Al-Maktoum International Airport,DWC
Albany International Airport,ALB
Albrecht Durer Airport,NUE
Albuquerque International Sunport,ABQ
Alejandro Velasco Astete International Airport,CUZ
Aleppo International Airport,ALP
Alesund Airport,AES
Alexandria International Airport,ALY
Alfonso Bonilla Aragon International Airport,CLO
Alfredo Vasquez Cobo International Airport,LET
Alguaire Airport,ILD
Alicante Airport,ALC
Allama Iqbal International Airport,LHE
Almaty International Airport,ALA
Almeria International Airport,LEI
Along Airport,IXV
Alvedro Airport,LCG
Amborovy Airport,MJN
Amilcar Cabral International Airport,SID
Amman Civil Airport,ADJ
Amsterdam Airport Schiphol,AMS
Anapa Airport,AAQ
Ancona Airport,AOI
Angads Airport,OUD
Angel Albino Corzo International Airport,TGZ
Antalya Airport,AYT
Antonio B. Won Pat International Airport,GUM
Antonio Maceo Airport,SCU
Antwerp International Airport,ANR
Aomori Airport,AOJ
Appleton International Airport,ATW
Aranmula International Airport,AML
Are Ostersund Airport,OSD
Argyle International Airport,SVD
Aristides Pereira International Airport,BVC
Arrachart Airport,DIE
Arthur Napoleon Raymond Robinson International Airport,TAB
Arturo Michelena International Airport,VLN
Asaba International Airport,ABB
Ashgabat Airport,ASB
Asmara International Airport,ASM
Assiut Airport,ATZ
Astana International Airport,TSE
Asturias Airport,OVD
Aswan International Airport,ASW
Ataturk International Airport,IST
Athens International Airport,ATH
Atlantic City International Airport,ACY
Atyrau Airport,GUW
Auckland Airport,AKL
Augusto C. Sandino International Airport,MGA
Austin-Bergstrom International Airport,AUS
Bacha Khan International Airport,PEW
Bacolod-Silay International Airport,BCD
Bagdogra International Airport,IXB
Baghdad International Airport,BGW
Bahawalpur Airport,BHV
Bahias de Huatulco International Airport,HUX
Bahrain International Airport,BAH
Baikal International Airport,UUD
Baltimore-Washington International Thurgood Marshall Airport,BWI
Bandar Abbas International Airport,BND
Bandaranaike International Airport,CMB
Bangoka International Airport,FKI
Bangor International Airport,BGR
Banja Luka International Airport,BNX
Banjul International Airport,BJL
Barcelona Airport,BCN
Barnaul Airport,BAX
Basel-Mulhouse-Freiburg Airport,MSL
Basra International Airport,BSR
Bassel Al-Assad International Airport,LTK
Batna Airport,BLJ
Batumi International Airport,BUS
Bauerfield International Airport,VLI
Beauvais-Tille Airport,BVA
Begishevo Airport,NBC
Beihai Fucheng Airport,BHY
Beijing Capital International Airport,PEK
Beijing Nanyuan Airport,NAY
Beira Airport,BEW
Beirut Rafic Hariri International Airport,BEY
Beja Airport,BYJ
Belfast International Airport,BFS
Belgorod International Airport,EGO
Belgrade Nikola Tesla Airport,BEG
Bellegarde Airport,LIG
Ben Gurion Airport,TLV
Benazir Bhutto International Airport,ISB
Bender Qassim International Airport,BSA
Benina International Airport,BEN
Bergen Airport,BGO
Bergerac-Roumaniere Airport,EGC
Berlin Brandenburg Airport (Future),BER
Berlin Schonefeld Airport,SXF
Berlin Tegel Airport,TXL
Bern-Belp Airport,BRN
Beslan Airport,OGZ
Beziers Cap d'Agde Airport,BZR
Biard Airport,PIS
Biarritz Airport,BIQ
Biju Patnaik International Airport,BBI
Billund Airport,BLL
Billy Bishop Toronto City Airport,YTZ
Birjand International Airport,XBJ
Birmingham International Airport,BHX
Birmingham-Shuttlesworth International Airport,BHM
Birsa Munda Airport,IXR
Biskra Airport,BSK
Blagnac Airport,TLS
Bluefields Airport,BEF
Bobo Dioulasso Airport,BOY
"Bocas del Toro ""Isla Colon"" International Airport",BOC
Bodo Airport,BOO
Bogashevo Airport,TOF
Bologna Airport,BLQ
Bonriki International Airport,TRW
Borg El Arab Airport,HBE
Boryspil International Airport,KBP
Bournemouth Airport,BOH
Boutheon Airport,EBU
Bradley International Airport,BDL
Bratsk Airport,BTK
Bremen Airport,BRE
Brescia Airport,VBS
Brest Bretagne Airport,BES
Brindisi Airport,BDS
Brisbane Airport,BNE
Bristol Airport,BRS
Brno-Turany Airport,BRQ
Brunei International Airport,BWN
Brussels Airport,BRU
Brussels South Charleroi Airport,CRL
Bryansk International Airport,BZK
Bubaque Airport,BQE
Bucholz Army Airfield,KWA
Budapest Ferenc Liszt International Airport,BUD
Buffalo Niagara International Airport,BUF
Bujumbura International Airport,BJM
Burgas Airport,BOJ
Bydgoszcz Ignacy Jan Paderewski Airport,BZG
Cadjehoun Airport,COO
Cagliari Airport,CAG
Cairns Airport,CNS
Cairo International Airport,CAI
Calgary International Airport,YYC
Calicut International Airport,CCJ
Cam Ranh International Airport,CXR
Camilo Daza International Airport,CUC
Campo dell'Oro Airport,AJA
Campo Grande International Airport,CGR
Can Tho International Airport,VCA
Canberra Airport,CBR
Cancun International Airport,CUN
Canouan Airport,CIW
Cape Town International Airport,CPT
Capital Region International Airport,LAN
Capitan Corbeta CA Curbelo International Airport,PDP
Capodichino Airport,NAP
Captain Lakshmi Sehgal International Airport,KPR
Cardiff Airport,CWL
Carlos Concha Torres International Airport,ESM
Carlos Rovirosa Perez International Airport,VSA
Carrasco International Airport,MVD
Carriel Sur International Airport,CCP
Carthage International Airport,TUN
Caselle Airport,TRN
Cassidy International Airport,CXI
Cat Bi International Airport,HPH
Cataratas del Iguazu International Airport,IGR
Cayenne-Rochambeau Airport,CAY
Cerro Moreno International Airport,ANF
Cesaria Evora Airport,VXE
Chalons Vatry Airport,XCR
Chambery-Savoie Airport,CMF
Chandigarh International Airport,IXC
Changchun Longjia International Airport,CGQ
Changsha Huanghua International Airport,CSX
Changzhou Benniu Airport,CZX
Chania International Airport,CHQ
Charles de Gaulle Airport,CDG
Charles Kirkconnell International Airport,CYB
Charleston International Airport,CHS
Charlotte/Douglas International Airport,CLT
Chaudhary Charan Singh International Airport,LKO
Cheboksary Airport,CSY
Cheddi Jagan International Airport,GEO
Chelyabinsk Airport,CEK
Chengdu Shuangliu International Airport,CTU
Chennai International Airport,MAA
Cheongju International Airport,CJJ
Cherepovets Airport,CEE
Chernivtsi International Airport,CWC
Chhatrapati Sambhaji Raje International Airport,CRA\NPQ
Chhatrapati Shivaji International Airport,BOM
Chiang Mai International Airport,CNX
Chicago Midway International Airport,MDW
Chicago Rockford International Airport,RFD
Chileka International Airport,BLZ
Chinggis Khaan International Airport,ULN
Chingozi Airport,TET
Chios Island National Airport,JKH
Chisinau International Airport,KIV
Chlef International Airport,CFK
Chongqing Jiangbei International Airport,CKG
Christchurch International Airport,CHC
Christmas Island Airport,XCH
Chu Lai International Airport,VCL
Chub Cay International Airport,CCZ
Chubu Centrair International Airport,NGO
Chuuk International Airport,TKK
Cibao International Airport,STI
Cincinnati/Northern Kentucky International Airport,CVG
City of Derry Airport,LDY
Ciudad del Carmen International Airport,CME
Clark International Airport,CRK
Clayton J. Lloyd International Airport,AXA
Cleveland Hopkins International Airport,CLE
Cluj-Napoca International Airport,CLJ
Cochin International Airport,COK
Cocos (Keeling) Islands Airport,CCK
Coimbatore International Airport,CJB
Cologne/Bonn Airport,CGN
Comodoro Arturo Merino Benitez International Airport,SCL
Conakry International Airport,CKY
Congonhas Airport,CGH
Copenhagen Airport,CPH
Copernicus Airport Wroclaw,WRO
Cork Airport,ORK
Corn Island Airport,RNI
Costa Smeralda Airport,OLB
Cote d'Azur Airport,NCE
Cozumel International Airport,CZM
Cristoforo Colombo Airport,GOA
Cuneo Levaldigi Airport,CUF
Cyril E. King Airport,STT
Da Nang International Airport,DAD
Daegu Airport,TAE
Dakhla Airport,VIL
Dalaman Airport,DLM
Dalian Zhoushuizi International Airport,DLC
Dallas/Fort Worth International Airport,DFW
Daman Airport,NMB
Damascus International Airport,DAM
Dandong Langtou Airport,DDG
Daniel Oduber Quiros International Airport,LIR
Darwin International Airport,DRW
Dayrestan Airport,GSM
Dayton International Airport,DAY
Debrecen International Airport,DEB
Del Bajio International Airport,BJX
Denver International Airport,DEN
Deputado Luis Eduardo Magalhaes International Airport,SSA
Dera Ghazi Khan International Airport,DEA
Des Moines International Airport,DSM
Detroit Metropolitan Wayne County Airport,DTW
Devi Ahilya Bai Holkar International Airport,IDR
Dholera International Airport,DHR
Dimapur Airport,DMU
Diori Hamani International Airport,NIM
Djibouti-Ambouli International Airport,JIB
Dnipropetrovsk International Airport,DNK
Domodedovo International Airport,DME
Don Miguel Hidalgo y Costilla International Airport,GDL
Don Mueang International Airport,DMK
Donetsk Airport,DOK
Dortmund Airport,DTM
Douala Airport,DLA
Dr. Babasaheb Ambedkar International Airport,NAG
Dubai International Airport,DXB
Dublin Airport,DUB
Dubrovnik Airport,DBV
Dunedin International Airport,DUD
Dunhuang Airport,DNH
Durham Tees Valley Airport,MME
Dushanbe Airport,DYU
Dusseldorf Airport,DUS
Dzaoudzi Pamandzi International Airport,DZA
East Midlands Airport,EMA
Edinburgh Airport,EDI
Edmonton International Airport,YEG
Eduardo Gomes International Airport,MAO
Eindhoven Airport,EIN
El Alto International Airport,LPB
El Arish International Airport,AAC
El Dorado International Airport,BOG
El Eden International Airport,AXM
El Tari Airport,KOE
El Tepual International Airport,PMC
Eldoret International Airport,EDL
Elista Airport,ESL
Eloy Alfaro International Airport,MEC
Enfidha-Hammamet International Airport,NBE
Enrique Malek International Airport,DAV
Entebbe International Airport,EBB
Eppley Airfield,OMA
Erbil International Airport,EBL
Ercan International Airport,ECN
Erhac Airport,MLX
Erik Nielsen Whitehorse International Airport,YXY
Erkilet Airport,ASR
Ernesto Cortissoz International Airport,BAQ
Esenboga International Airport,ESB
Eurico de Aguiar Salles Airport,VIX
EuroAirport Basel-Mulhouse-Freiburg,EAP
EuroAirport Basel-Mulhouse-Freiburg,BSL
Exeter International Airport,EXT
Exuma International Airport,GGT
Faa'a International Airport,PPT
Fairbanks International Airport,FAI
Faisalabad International Airport,LYP
Faleolo International Airport,APW
Faro Airport,FAO
Fascene Airport,NOS
Federal de Bachigualato International Airport,CUL
Federico Fellini Airport,RMI
Fertilia Airport,AHO
Fes-Saiss Airport,FEZ
Figari Sud-Corse Airport,FSC
Findel Airport,LUX
Fontanarossa Airport,CTA
Fort Lauderdale-Hollywood International Airport,FLL
Francisco Bangoy International Airport,DVO
Francisco Sa Carneiro Airport,OPO
Francisco Sarabia International Airport,TRC
Francistown Airport,FRW
Franjo Tudman Airport,ZAG
Frank Pais Airport,HOG
Frankfurt Airport,FRA
Frankfurt-Hahn Airport,HHN
Frederic Chopin Airport,WAW
Fresno Yosemite International Airport,FAT
Friedrichshafen Airport,FDH
Friuli Venezia Giulia Airport,TRS
Fua'amotu International Airport,TBU
Fuerteventura Airport,FUE
Fukuoka Airport,FUK
Funafuti International Airport,FUN
Fuzhou Changle International Airport,FOC
Galileo Galilei Airport,PSA
Gan International Airport,GAN
Gander International Airport,YQX
Ganja International Airport,KVD
Garons Airport,FNI
Garowe International Airport,GGR
Gatwick Airport,LGW
Gautam Buddha Airport,BWA
Gautama Buddha International Airport,KNR
Gaya International Airport,GAY
Gdansk Lech Walesa Airport,GDN
General Francisco J. Mujica International Airport,MLM
General Francisco Javier Mina International Airport,TAM
General Guadalupe Victoria International Airport,DGO
General Heriberto Jara International Airport,VER
General Juan N. Alvarez International Airport,ACA
General Leobardo C. Ruiz International Airport,ZCL
General Mariano Escobedo International Airport,MTY
General Mitchell International Airport,MKE
General Rafael Buelna International Airport,MZT
General Santos International Airport,GES
Geneva International Airport,GVA
George Best Belfast City Airport,BHD
George Bush Intercontinental Airport,IAH
Gimhae International Airport,PUS
Gimpo International Airport,GMP
Girona-Costa Brava Airport,GRO
Glasgow International Airport,GLA
Glasgow Prestwick Airport,PIK
Goa International Airport,GOI
Gold Coast Airport,OOL
Goloson International Airport,LCE
Goma International Airport,GOM
Gomel Airport,GME
"Gostomel Airport (cargo only, serving Kiev)",GML
Goteborg Landvetter Airport,GOT
Gothenburg City Airport,GSE
Governador Jorge Teixeira de Oliveira International Airport,PVH
Governor Francisco Gabrielli International Airport,MDZ
Gral. Abelardo L. Rodriguez International Airport,TIJ
Gran Canaria Airport,LPA
Granada Airport,GRX
Grand Bahama International Airport,FPO
Grantley Adams International Airport,BGI
Graz Airport,GRZ
Greater Moncton International Airport,YQM
Greater Rochester International Airport,ROC
Gregorio Luperon International Airport,POP
Grenoble-Isere Airport,GNB
Groningen Airport Eelde,GRQ
Grozny Airport,GRV
Guangzhou Baiyun International Airport,CAN
Guarani International Airport,AGT
Guararapes International Airport,REC
Guernsey Airport,GCI
Guilin Liangjiang International Airport,KWL
Guiyang Longdongbao Airport,KWE
Gustaf III Airport,SBH
Gustavo Rojas Pinilla International Airport,ADZ
Gwadar International Airport,GWD
Gyor-Per International Airport,QGY
Habib Bourguiba International Airport,MIR
Haifa Airport,HFA
Haikou Meilan International Airport,HAK
Hakodate Airport,HKD
Halifax Stanfield International Airport,YHZ
Haluoleo Airport,KDI
Hamad International Airport,DOH
Hamburg Airport,HAM
Hamid Karzai International Airport,KBL
Haneda International Airport,HND
Hangzhou Xiaoshan International Airport,HGH
Harare International Airport,HRE
Harbin Taiping International Airport,HRB
Hargeisa International Airport,HGA
Harry Mwanga Nkumbula International Airport,LVI
Hartsfield-Jackson Atlanta International Airport,ATL
Hasanuddin International Airport,UPG
Hassan I Airport,EUN
Hat Yai International Airport,HDY
Haugesund Airport,HAU
Hazrat Shahjalal International Airport,DAC
Heathrow Airport,LHR
Hefei Xinqiao International Airport,HFE
Helsinki-Vantaa Airport,HEL
Henri Coanda International Airport,OTP
Henry E. Rohlsen Airport,STX
Heraklion International Airport,HER
Herat International Airport,HEA
Hercilio Luz International Airport,FLN
Hermanos Serdan International Airport,PBC
Hermosillo International Airport,HMO
Heviz-Balaton Airport,SOB
Hewanorra International Airport,UVF
Heydar Aliyev International Airport,GYD
Hihifo Airport,WLS
Hilo International Airport,ITO
Hiroshima Airport,HIJ
Hobart International Airport,HBA
Hong Kong International Airport,HKG
Honiara International Airport,HIR
Honolulu International Airport,HNL
Houari Boumedienne Airport,ALG
Hrodna Airport,GNA
Huesca-Pirineos Airport,HSK
Hugo Chavez International Airport,CAP
Huizhou Pingtan Airport,HUZ
Huntsville International Airport,HSV
Hurghada International Airport,HRG
Husein Sastranegara International Airport,BDO
Hyeres Le Palyvestre Airport,TLN
Iasi International Airport,IAS
Ibiza Airport,IBZ
Ignacio Agramonte International Airport,CMW
Ignatyevo Airport,BQS
Ile de Re Airport,LRH
Iloilo International Airport,ILO
Ilulissat Airport,JAV
Imphal International Airport,IMF
Incheon International Airport,ICN
Indianapolis International Airport,IND
Indira Gandhi International Airport,DEL
Ingeniero Ambrosio L.V. Taravella International Airport,COR
Inhambane Airport,INH
Innsbruck Airport,INN
Inverness Airport,INV
Ioannis Kapodistrias Airport,CFU
Iqaluit Airport,YFB
Ireland West Airport Knock,NOC
Irkutsk Airport,IKT
Isfahan International Airport,IFN
Isle of Man Airport,IOM
Ivano-Frankivsk International Airport,IFO
Ivato International Airport,TNR
Ixtapa-Zihuatanejo International Airport,ZIH
Jacksons International Airport,POM
Jacksonville International Airport,JAX
Jaime Gonzalez Airport,CFG
Jaipur International Airport,JAI
Jardines del Rey Airport,CCC
Jay Prakash Narayan International Airport,PAT
Jeju International Airport,CJU
Jerez Airport,XRY
Jersey Airport,JER
Jieyang Chaoshan International Airport,SWA
Jijel Ferhat Abbas Airport,GJL
Jinan Yaoqiang International Airport,TNA
Jinnah International Airport,KHI
Joao Paulo II Airport,PDL
Johan Adolf Pengel International Airport,PBM
John A. Osborne Airport,MNI
John C. Munro Hamilton International Airport,YHM
John F. Kennedy International Airport,JFK
John Paul II International Airport Krakow-Balice,KRK
John Wayne Airport,SNA
Jolly Grant Airport,DED
Jomo Kenyatta International Airport,NBO
Jorge Chavez International Airport,LIM
Jose Joaquin de Olmedo International Airport,GYE
Jose Maria Cordova International Airport,MDE
Jose Marti International Airport,HAV
Joshua Mqabuko Nkomo International Airport,BUQ
Juan Gualberto Gomez Airport,VRA
Juan Manuel Galvez International Airport,RTB
Juan Santamaria International Airport,SJO
Juanda International Airport,SUB
Juba International Airport,JUB
Julius Nyerere International Airport,DAR
Juneau International Airport,JNU
Kadala Airport,HTA
Kagoshima Airport,KOJ
Kalamata International Airport,KLX
Kalibo International Airport,KLO
Kandahar International Airport,KDH
Kangerlussuaq Airport,SFJ
Kannur International Airport,CNN
Kansai International Airport,KIX
Kansas City International Airport,MCI
Kaohsiung International Airport,KHH
Kapadokya Airport,NAV
Karaganda Airport,KGF
Karlovy Vary Airport,KLV
Karlsruhe/Baden-Baden Airport,FKB
Karnal Airport,KBS
Karpathos Island National Airport,AOK
Kasane Airport,BBK
Katowice International Airport,KTW
Kaunas Airport,KUN
Kavala International Airport,KVA
Kazan Airport,KZN
Kefalonia Island International Airport,EFL
Keflavik International Airport,KEF
Kelowna International Airport,YLW
Kempegowda International Airport,BLR
Kenmore Air Harbor Seaplane Base,LKE
Kenneth Kaunda International Airport,LUN
Kerry Airport,KIR
Ketchikan International Airport,KTN
Key West International Airport,EYW
Khabarovsk Novy Airport,KHV
Kharkiv International Airport,HRK
Khartoum International Airport,KRT
Khrabrovo Airport,KGD
Khujand Airport,LBD
Kigali International Airport,KGL
Kilimanjaro International Airport,JRO
King Abdulaziz International Airport,JED
King County International Airport,BFI
King Fahd International Airport,DMM
King Hussein International Airport,AQJ
King Khalid International Airport,RUH
King Mswati III International Airport,SHO
King Shaka International Airport,DUR
Kish Airport,KIH
Kismayo Airport,KMU
Kisumu International Airport,KIS
Kittila Airport,KTT
Klagenfurt Airport,KLU
Koltsovo International Airport,SVX
Komatsu Airport,KMQ
Komsomolsk-on-Amur Airport,KXK
Kona International Airport,KOA
Konya Airport,KYA
Kos Island International Airport,KGS
Kosice International Airport,KSC
Kosrae International Airport,KSA
Kostanay Airport,KSN
Kota Kinabalu International Airport,BKI
Kotoka International Airport,ACC
Krabi Airport,KBV
"Kristiansand Airport, Kjevik",KRS
"Kristiansund Airport, Kvernberget",KSU
Kruger Mpumalanga International Airport,MQP
Kryvyi Rih International Airport,KWG
Kuala Lumpur International Airport,KUL
Kuala Namu International Airport,KNO
Kuching International Airport,KCH
Kullu Manali International Airport,KUU
Kunming Changshui International Airport,KMG
Kuopio Airport,KUO
Kursk Vostochny Airport,URS
Kutaisi International Airport,KUT
Kuusamo Airport,KAO
Kuwait International Airport,KWI
Kyiv Zhuliany International Airport,IEV
L.F. Wade International Airport,BDA
La Aurora International Airport,GUA
La Chinita International Airport,MAR
La Palma Airport,SPC
La Romana International Airport,LRM
La Tontouta International Airport,NOU
LaGuardia Airport,LGA
Lal Bahadur Shastri International Airport,VNS
Lambert-Saint Louis International Airport,STL
Lamezia Terme Airport,SUF
Langenhagen Airport,HAJ
Langkawi International Airport,LGK
Lankaran International Airport,LLK
Lanseria International Airport,HLA
Lanzarote Airport,ACE
Lanzhou Zhongchuan International Airport,LHW
Laoag International Airport,LAO
Lappeenranta Airport,LPP
Larnaca International Airport,LCA
Las Americas International Airport,SDQ
Leeds Bradford International Airport,LBA
Leipzig/Halle Airport,LEJ
Lengpui Airport,AJL
Lennart Meri Tallinn Airport,TLL
Leon M'ba International Airport,LBV
Leonardo da Vinci-Fiumicino Airport,FCO
Leopold Sedar Senghor International Airport,DKR
Leos Janacek Ostrava Airport,OSR
Lhasa Gonggar Airport,LXA
Lic. Adolfo Lopez Mateos International Airport,TLC
Lic. Gustavo Diaz Ordaz International Airport,PVR
Lic. Jesus Teran Peredo International Airport,AGU
Liege Airport,LGG
Lille Lesquin Airport,LIL
Lilongwe International Airport,LLW
Linate Airport,LIN
Linz Airport,LNZ
Lisbon Portela Airport,LIS
Liuzhou Bailian Airport,LZH
Liverpool John Lennon Airport,LPL
Ljubljana Joze Pucnik Airport,LJU
Llabanere Airport,PGF
Lodz Wladyslaw Reymont Airport,LCJ
Logan International Airport,BOS
Lokpriya Gopinath Bordoloi International Airport,GAU
Lombok International Airport,LOP
London City Airport,LCY
Loreto International Airport,LTO
Los Angeles International Airport,LAX
Los Cabos International Airport,SJD
Louis Armstrong New Orleans International Airport,MSY
Louisville International Airport,SDF
Luang Prabang International Airport,LPQ
Lubango Airport,SSD
Lubeck Airport,LBC
Lublin Airport,LUZ
Lubumbashi International Airport,FBM
Luhansk International Airport,VSG
Luis Munoz Marin International Airport,SJU
Lulea Airport,LLA
Lungi International Airport,FNA
Luoyang Beijiao Airport,LYA
Luton Airport,LTN
Luxor International Airport,LXR
Lviv Danylo Halytskyi International Airport,LWO
Lynden Pindling International Airport,NAS
M. R. Stefanik Airport,BTS
M'Poko International Airport,BGF
M'Vengue El Hadj Omar Bongo Ondimba International Airport,MVB
Maastricht-Aachen Airport,MST
Macau International Airport,MFM
Mactan-Cebu International Airport,CEB
Madeira Airport,FNC
Madrid-Barajas Airport,MAD
Madurai International Airport,IXM
Mae Fah Luang International Airport,CEI
Magnitogorsk International Airport,MQF
Malabo International Airport,SSG
Malaga Airport,AGP
Mallam Aminu Kano International Airport,KAN
Malmo Airport,MMX
Malpensa Airport,MXP
Malta International Airport,MLA
Manas Airport,FRU
Manchester Airport,MAN
Mandalay International Airport,MDL
Mangalore International Airport,IXE
Manuel Crescencio Rejon International Airport,MID
Maputo International Airport,MPM
Marcillac Airport,RDZ
Marechal Cunha Machado International Airport,SLZ
Marechal Rondon International Airport,CGB
Margaret Ekpo International Airport,CBQ
Maria Montez International Airport,BRX
Mariehamn Airport (Aland),MHQ
Mariscal Lamar International Airport,CUE
Mariscal Sucre International Airport,UIO
Marrakech-Menara Airport,RAK
Marsa Alam International Airport,RMF
Marsh Harbor International Airport,MHH
Marshall Islands International Airport,MAJ
Martinique Aime Cesaire International Airport,FDF
Mary International Airport,MYP
Mashhad International Airport,MHD
Mataveri International Airport,IPC
Matecana International Airport,PEI
Mattala Rajapaksa International Airport,HRi
Maun Airport,MUB
Maurice Bishop International Airport,GND
Maya-Maya Airport,BZV
Mazar-e Sharif International Airport,MZR
McCarran International Airport,LAS
Mehrabad International Airport,THR
Melbourne Airport,MEL
Melbourne International Airport,MLB
Melville Hall Airport,DOM
Memmingen Airport,FMM
Memphis International Airport,MEM
Menorca Airport,MAH
Merignac Airport,BOD
Mersa Matruh Airport,MUH
Metropolitan Oakland International Airport,OAK
Mexico City International Airport,MEX
Miami International Airport,MIA
Mianyang Nanjiao Airport,MIG
Mihail Kogalniceanu International Airport,CND
Milas-Bodrum Airport,BJV
Minangkabau International Airport,PDG
Mineralnye Vody Airport,MRV
Ministro Pistarini International Airport,EZE
Minneapolis-Saint Paul International Airport,MSP
Minsk International Airport,MSQ
Mitiga International Airport,MJI
Modlin Airport,WMI
Mohamed Boudiaf Airport,CZL
Mohammed V International Airport,CMN
Moi International Airport,MBA
Monsenor Oscar Arnulfo Romero International Airport,SAL
Montreal-Mirabel International Airport,YMX
Montreal-Pierre Elliott Trudeau International Airport,YUL
Mopa Airport,MGI
Moshoeshoe I International Airport,MSU
Moss Airport,RYG
Mostar International Airport,OMO
Mosul International Airport,OSM
Muan International Airport,MWX
Mudanjiang Airport,MDG
Multan International Airport,MUX
Mundo Maya International Airport,FRS
Munich Airport,MUC
Murcia-San Javier Airport,MJV
Murmansk Airport,MMK
Murtala Mohammed International Airport,LOS
Muscat International Airport,MCT
Mutiara Airport,PLW
Mykolaiv International Airport,NLV
Mykonos Island National Airport,JMK
Myrtle Beach International Airport,MYR
Mysore International Airport,MYQ
Mytilene International Airport,MJT
N'Djamena International Airport,NDJ
N'djili Airport,FIH
Nadi International Airport,NAN
Nador International Airport,NDR
Nagasaki Airport,NGS
Nakhchivan Airport,NAJ
Nalchik Airport,NAL
Namangan Airport,NMA
Nampula Airport,APL
Nanchang Changbei International Airport,KHN
Nandamuri Taraka Rama Rao-Amaravati International Airport,VGA
Nanjing Lukou International Airport,NKG
Nanning Wuxu International Airport,NNG
Nantes Atlantique Airport,NTE
Nantong Xingdong Airport,NTG
Narimanovo Airport,ASF
Narita International Airport,NRT
Narsarsuaq Airport,UAK
Nashville International Airport,BNA
Nauru International Airport,INU
Nausori International Airport,SUV
Naypyidaw Airport,NYT
Nea Anchialos National Airport,VOL
Nefta International Airport,TOE
Nelson Mandela International Airport,RAI
Netaji Subhash Chandra Bose International Airport,CCU
New Chitose Airport,CTS
New Kitakyushu Airport,KKJ
Newark Liberty International Airport,EWR
Newcastle Airport,NCL
Newquay Cornwall Airport,NQY
Ngurah Rai International Airport,DPS
Niigata Airport,KIJ
Ningbo Lishe International Airport,NGB
Ninoy Aquino International Airport,MNL
Nis Constantine the Great Airport,INI
Niue International Airport,IUE
Nizhnevartovsk Airport,NJC
Nnamdi Azikiwe International Airport,ABV
Noi Bai International Airport,HAN
Norfolk Airport,NLK
Norman Manley International Airport,KIN
Norrkoping Airport,NRK
North Front Airport,GIB
Northwest Florida Beaches International Airport,ECP
Norwich International Airport,NWI
Nouadhibou International Airport,NDB
Nouakchott-Oumtounsynnn International Airport,NKC
Nsimalen Airport,NSI
Nuuk Airport,GOH
O.R.Tambo International Airport,JNB
O'Hare International Airport,ORD
Odessa International Airport,ODS
Oguzeli Airport,GZT
Ohrid St. Paul the Apostle Airport,OHD
Oita Airport,OIT
Okayama Airport,OKJ
Omsk Tsentralny Airport,OMS
Ontario International Airport,ONT
OR Tambo International Airport,KMP
Oradea International Airport,OMR
Oral Ak Zhol Airport,URA
Oran Es Senia Airport,ORN
Orenburg Tsentralny Airport,REN
Orio al Serio Airport,BGY
Orlando International Airport,MCO
Orlando Sanford International Airport,SFB
Orly Airport,ORY
Orsk Airport,OSW
Osh Airport,OSS
Osijek Airport,OSI
Oslo Airport-Gardermoen,OSL
Osmani International Airport,ZYL
Ostend-Bruges International Airport,OST
Osvaldo Vieira International Airport,OXB
Ottawa Macdonald-Cartier International Airport,YOW
Ouagadougou Airport,OUA
Oued Irara Airport,HME
Oulu Airport,OUL
Ovda International Airport,VDA
Owen Roberts International Airport,GCM
Paine Field,PAE
Pakse International Airport,PKZ
Pakyong Airport,PAS
Palanga International Airport,PLQ
Palermo Airport,PMO
Palese Airport,BRI
Palm Beach International Airport,PBI
Palm Springs International Airport,PSP
Palma de Mallorca Airport,PMI
Palonegro International Airport,BGA
Panglao Island International Airport,TAG
Paphos International Airport,PFO
Pardubice Airport,PED
Paro Airport,PBH
Pashkovsky Airport,KRR
Pattimura Airport,AMQ
Pecs-Pogany International Airport,QPJ
Pemba Airport,POL
Penang International Airport,PEN
Peretola Airport,FLR
Perm International Airport,PEE
Perth Airport,PER
Petrozavodsk Airport,PES
Philadelphia International Airport,PHL
Philip S. W. Goldson International Airport,BZE
Phnom Penh International Airport,PNH
Phoenix Sky Harbor International Airport,PHX
Phu Bai International Airport,HUI
Phu Quoc International Airport,PQC
Phuket International Airport,HKT
Piarco International Airport,POS
Piestany Airport,PZY
Piloto Civil N. Fernandez International Airport,RGL
Pinto Martins International Airport,FOR
Pittsburgh International Airport,PIT
Plan de Guadalupe International Airport,SLW
Playa de Oro International Airport,ZLO
Pleurtuit Airport,DNR
Plovdiv Airport,PDV
Podgorica Airport,TGD
Pohnpei International Airport,PNI
Pointe Noire Airport,PNR
Pointe Vele Airport,FUT
Pole Caraibes International Airport,PTP
Ponciano Arriaga International Airport,SLP
Poprad-Tatry Airport,TAT
Poretta Airport,BIA
Port Bouet Airport,ABJ
Port Columbus International Airport,CMH
Port Harcourt International Airport,PHC
Port Hedland International Airport,PHE
Port Sudan New International Airport,PZU
Port-Gentil International Airport,POG
Portland International Airport,PDX
Portland International Jetport,PWM
Porto Santo Airport,PXO
Portoroz Airport,POW
Poznan Lawica Airport,POZ
Prague Vaclav Havel Airport,PRG
Presidente Carlos Ibanez del Campo International Airport,PUQ
Presidente Castro Pinto International Airport,JPA
Presidente Nicolau Lobato International Airport,DIL
Prince Mohammad Bin Abdulaziz International Airport,MED
Prince Said Ibrahim International Airport,HAH
Provence Airport,MRS
Providenciales Airport,PLS
Provideniya Bay Airport,PVS
Pskov Airport,PKV
Puerto Cabezas Airport,PUZ
Puerto Princesa International Airport,PPS
Pula Airport,PUY
Pulkovo Airport,LED
Pune International Airport,PNQ
Punta Cana International Airport,PUJ
Pyongyang Sunan International Airport,FNJ
Qabala International Airport,GBB
Qingdao liuting International Airport,TAO
Quanzhou Jinjiang International Airport,JJN
Quatro de Fevereiro Airport,LAD
Quebec/Jean Lesage International Airport,YQB
Queen Alia International Airport,AMM
Queenstown Airport,ZQN
Queretaro Intercontinental Airport,QRO
Quetta International Airport,UET
Rabah Bitat Airport,AAE
Rabat-Sale Airport,RBA
RAF Mount Pleasant,MPN
Rafael Hernandez Airport,BQN
Rafael Nunez International Airport,CTG
Raja Bhoj International Airport,BHO
Rajiv Gandhi International Airport,HYD
Raleigh-Durham International Airport,RDU
Ram Lala International Airport,FZD
"Ramon Airport (under construction, opening 2017)",ETM
Ramon Villeda Morales International Airport,SAP
Rarotonga Airport,RAR
Ras Al Khaimah International Airport,RKT
Regina International Airport,YQR
Reno-Tahoe International Airport,RNO
Resistencia International Airport,RES
Reus Airport,REU
Reykjavik Airport,RKV
Rhodes International Airport,RHO
Rickenbacker International Airport,LCK
Riga International Airport,RIX
Rijeka Airport,RJK
Rio de Janeiro-Galeao International Airport,GIG
Robert L. Bradshaw International Airport,SKB
Roberto Fierro Villalobos International Airport,CUU
Roberts International Airport,ROB
Robin Hood Airport Doncaster Sheffield,DSA
Rock Sound International Airport,RSD
Rodriguez Ballon International Airport,AQP
Roland Garros Airport,RUN
Roman Tmetuchl International Airport,ROR
Rome Ciampino Airport,CIA
Ronald Reagan Washington National Airport,DCA
Roshchino International Airport,TJM
Rostov-na-Donu Airport,ROV
Rota International Airport,ROP
Rotterdam The Hague Airport,RTM
Rovaniemi Airport,RVN
Rzeszow-Jasionka Airport,RZE
Sabarigiri International Airport,SIA
Sabiha Gokcen International Airport,SAW
Sacramento International Airport,SMF
Sadiq Abubakar III International Airport,SKO
Saint-Exupery Airport,LYS
Saipan International Airport,SPN
Sakirpasa Airport,ADA
Salgado Filho International Airport,POA
Salt Lake City International Airport,SLC
Salvaza Airport,CCF
Salzburg Airport,SZG
Sam Ratulangi International Airport,MDC
Samana El Catey International Airport,AZS
Samara Kurumoch Airport,KUF
Samarinda International Airport,SRI
Samos International Airport,SMI
Samsun-Carsamba Airport,SZF
Samui Airport,USM
San Antonio International Airport,SAT
San Bernardino International Airport,SBD
San Diego International Airport,SAN
San Egidio Airport,PEG
San Francisco International Airport,SFO
San Jose International Airport,SJC
Sana'a International Airport,SAH
Sandefjord Airport,TRF
Sangster International Airport,MBJ
Sania Ramel Airport,TTU
Santa Genoveva Airport,GYN
Santa Maria Airport,AJU
Santa Rosa International Airport,ETR
Santander Airport,SDR
Santiago de Compostela Airport,SCQ
Santo-Pekoa International Airport,SON
Santorini (Thira) National Airport,JTR
Sanya Phoenix International Airport,SYX
Sao Paulo-Guarulhos International Airport,GRU
Sao Tome International Airport,TMS
Sarajevo International Airport,SJJ
Sarasota-Bradenton International Airport,SRQ
Saratov Tsentralny Airport,RTW
Sardar Vallabhbhai Patel International Airport,AMD
Saskatoon John G. Diefenbaker International Airport,YXE
Seattle-Tacoma International Airport,SEA
Sebha Airport,SEB
Senador Nilo Coelho Airport,PNZ
Senai International Airport,JHB
Sendai Airport,SDJ
Senou International Airport,BKO
Sentani Airport,DJJ
Seville Airport,SVQ
Seychelles International Airport,SEZ
Shah Amanat International Airport,CGP
Shaikh Zayed International Airport,RYK
Shanghai Hongqiao International Airport,SHA
Shanghai Pudong International Airport,PVG
Shannon Airport,SNN
Sharjah International Airport,SHJ
Sharm el-Sheikh International Airport,SSH
Shenyang Taoxian International Airport,SHE
Shenzhen Bao'an International Airport,SZX
Sheremetyevo International Airport,SVO
Shijiazhuang Zhengding International Airport,SJW
Shillong Airport,SHL
Shimla Airport,SLV
Shirak Airport,LWN
Shiraz International Airport,SYZ
Shizuoka Airport,FSZ
Shymkent Airport,CIT
Sialkot International Airport,SKT
Siauliai International Airport,SQQ
Sibiu International Airport,SBZ
Siem Reap-Angkor International Airport,REP
Sihanoukville International Airport,KOS
Silvio Pettirossi International Airport,ASU
Simferopol International Airport,SIP
Simon Bolivar International Airport,SMR
Simon Bolivar International Airport,CCS
Simon Mwansa Kapwepwe Airport,NLA
Singapore Changi Airport,SIN
Sir Seewoosagur Ramgoolam International Airport,MRU
Sir Seretse Khama International Airport,GBE
Skiathos Island National Airport,JSI
Skopje Alexander the Great Airport,SKP
Skyros Island National Airport,SKU
Sliac Airport,SLD
Sochi International Airport,AER
Soekarno Hatta International Airport,CGK
Sofia Airport,SOF
Sohag International Airport,HMB
Sokol Airport,GDX
Soummam Airport,BJA
Southampton Airport,SOU
Southend Airport,SEN
Southwest Florida International Airport,RSW
Spichenkovo Airport,NOZ
Split Airport,SPU
Spokane International Airport,GEG
Sri Guru Ram Dass Jee International Airport,ATQ
Srinagar Airport,SXR
St. Catherine International Airport,SKV
St. Gallen-Altenrhein Airport,ACH
St. John's International Airport,YYT
St. Petersburg-Clearwater International Airport,PIE
Stansted Airport,STN
Stavanger Airport,SVG
Stavropol Shpakovskoye Airport,STW
Stewart International Airport,SWF
Stockholm-Arlanda Airport,ARN
Stockholm-Bromma Airport,BMA
Stockholm-Skavsta Airport,NYO
Stockholm-Vasteras Airport,VST
Strasbourg Airport,SXB
Strigino Airport,GOJ
Stuttgart Airport,STR
Subic Bay International Airport,SFS
Sulaimaniyah International Airport,ISU
Sultan Abdul Aziz Shah Airport,SZB
Sultan Aji Muhammad Sulaiman Airport,BPN
Sultan Azlan Shah Airport,IPH
Sultan Ismail Petra Airport,KBR
Sultan Mahmud Badaruddin II Airport,PLM
Sultan Syarif Qasim II International Airport,PKU
Sunan Shuofang International Airport,WUX
Surat Thani Airport,URT
Surgut International Airport,SGC
Suvarnabhumi Airport,BKK
Swami Vivekananda Airport,RPR
Syamsudin Noor Airport,BDJ
Sydney Airport,SYD
Syktyvkar Airport,SCW
Syracuse Hancock International Airport,SYR
"Szczecin-Goleniow ""Solidarnosc"" Airport",SZZ
T.F. Green Airport,PVD
Taba International Airport,TCP
Tabriz International Airport,TBZ
Taichung International Airport,RMQ
Taipei Songshan Airport,TSA
Taiwan Taoyuan International Airport,TPE
Taiyuan Wusu International Airport,TYN
Taj International Airport,NTA
Talagi Airport,ARH
Tallahassee International Airport,TLH
Tamale Airport,TML
Tamanrasset Airport,TMR
Tampa International Airport,TPA
Tampere-Pirkkala Airport,TMP
Tan Son Nhat International Airport,SGN
Tancredo Neves International Airport,CNF
Tangier-Boukhalef Airport,TNG
Tartu Airport,TAY
Tashkent International Airport,TAS
Tbilisi International Airport,TBS
Ted Stevens Anchorage International Airport,ANC
Tehran Imam Khomeini International Airport,IKA
Tenerife North Airport,TFN
Tenerife South Airport,TFS
Teniente Coronel Luis a Mantilla International Airport,TUA
Teniente Luis Candelaria International Airport,BRC
Terceira Airport,TER
Terrance B. Lettsome International Airport,EIS
Thessaloniki International Airport,SKG
Thunder Bay International Airport,YQT
Thyna International Airport,SFA
Tianjin Binhai International Airport,TSN
Tianshui Airport,THQ
Tinian International Airport,TIQ
Tirana International Airport Nene Tereza,TIA
Tiruchirappalli International Airport,TRZ
Tirupati Airport,TIR
Tivat Airport,TIV
Tjilik Riwut Airport,PKY
Toamasina Airport,TMM
Tocumen International Airport,PTY
Tokoin Airport,LFW
Tolanaro Airport,FTU
Toliara Airport,TLE
Tolmachevo Airport,OVB
Toncontin International Airport,TGU
Toronto Pearson International Airport,YYZ
Touat-Cheikh Sidi Mohamed Belkebir Airport,AZR
Tours Loire Valley Airport,TUF
Toussaint Louverture International Airport,PAP
Townsville International Airport,TSV
Trabzon Airport,TZX
Traian Vuia International Airport,TSR
Tribhuvan International Airport,KTM
Tripoli International Airport,TIP
Trivandrum International Airport,TRV
Tromso Airport,TOS
Trondheim Airport,TRD
Tunoshna Airport,IAR
Turbat International Airport,TUK
Turkmenbashi International Airport,KRW
Turku Airport,TKU
Tuzla International Airport,TZL
U-Tapao International Airport,UTP
Udon Thani International Airport,UTH
Ufa International Airport,UFA
Ugolny Airport,DYR
Ulyanovsk Vostochny Airport,ULY
Umea Airport,UME
Uruapan International Airport,UPN
Urumqi Diwopu International Airport,URC
Ushuaia International Airport,USH
Uytash Airport,MCX
Uzein Airport,PUF
Vaasa Airport,VAA
Vadodara Airport,BDQ
Vagar Airport,FAE
Val de Caes International Airport,BEL
Valencia Airport,VLC
Valladolid Airport,VLL
Vancouver International Airport,YVR
Varna Airport,VAR
Vava'u International Airport,VAV
Vaxjo Airport,VXO
VC Bird International Airport,ANU
Veer Savarkar International Airport,IXZ
Velana International Airport,MLE
Venice Marco Polo Airport,VCE
Ventspils International Airport,VNT
Verona Airport,VRN
Victoria Falls Airport,VFA
Victoria International Airport,YYJ
Vienna International Airport,VIE
Vilankulo Airport,VNX
Vilnius International Airport,VNO
Vilo Acuna Airport,CYO
Vincenzo Florio Airport,TPS
Viracopos International Airport,VCP
Viru Viru International Airport,VVI
Visakhapatnam Airport,VTZ
Visby Airport,VBY
Vladivostok International Airport,VVO
Vnukovo Airport,VKO
Volgograd International Airport,VOG
Voronezh International Airport,VOZ
Walvis Bay Airport,WVB
Washington Dulles International Airport,IAD
Wattay International Airport,VTE
Weeze Airport,NRN
Weihai International Airport,WEH
Wellington International Airport,WLG
Wenzhou Yongqiang Airport,WNZ
William P. Hobby Airport,HOU
Windhoek Hosea Kutako International Airport,WDH
Winnipeg James Armstrong Richardson International Airport,YWG
Wuhan Tianhe International Airport,WUH
Xi'an Xianyang International Airport,XIY
Xiamen Gaoqi International Airport,XMN
Xiangyang Airport,XFN
Xichang Qingshan Airport,XIC
Xining Caojiabao Airport,XNN
Xoxocotlan International Airport,OAX
Xuzhou Guanyin Airport,XUZ
Yakutsk Airport,YKS
Yancheng Nanyang Airport,YNZ
Yangon International Airport,RGN
Yangyang International Airport,YNY
Yanji Airport,YNJ
Yantai Penglai International Airport,YNT
Yap International Airport,YAP
Yelizovo Airport,PKC
Yemelyanovo International Airport,KJA
Yenisehir Airport,YEI
Yinchuan Hedong International Airport,INC
Yuzhno-Sakhalinsk Airport,UUS
Zadar Airport,ZAD
Zafer Airport,KZR
Zakynthos International Airport,ZTH
Zamboanga International Airport,ZAM
Zaporizhia International Airport,OZH
Zaragoza Airport,ZAZ
Zarzis Airport,DJE
Zenata Airport,TLM
Zhangjiajie Hehua Airport,DYG
Zhangye Ganzhou Airport,YZY
Zhengzhou Xinzheng International Airport,CGO
Zhoushan Putuoshan Airport,HSN
Zhuhai Jinwan Airport,ZUH
Zilina Airport,ILZ
Zonguldak Airport,ONQ
Zumbi dos Palmares International Airport,MCZ
Zurich Airport,ZRH
Zvartnots International Airport,EVN
